{"count":1,"self":7.2857072,"total":24.40027,"children":{"InitializeActuators":{"count":2,"self":0.0020058999999999997,"total":0.0020058999999999997,"children":null},"InitializeSensors":{"count":2,"self":0.0010018,"total":0.0010018,"children":null},"AgentSendState":{"count":13817,"self":0.043739299999999995,"total":0.1445975,"children":{"CollectObservations":{"count":5528,"self":0.0111443,"total":0.0111443,"children":null},"WriteActionMask":{"count":5528,"self":0.0036504999999999997,"total":0.0036504999999999997,"children":null},"RequestDecision":{"count":5528,"self":0.0244961,"total":0.0860634,"children":{"AgentInfo.ToProto":{"count":5528,"self":0.016878,"total":0.0615673,"children":{"GenerateSensorData":{"count":5528,"self":0.0446893,"total":0.0446893,"children":null}}}}}}},"DecideAction":{"count":13817,"self":16.891583999999998,"total":16.8915836,"children":null},"AgentAct":{"count":13817,"self":0.073364199999999991,"total":0.073364199999999991,"children":null},"AgentInfo.ToProto":{"count":140,"self":0.0010000999999999999,"total":0.0010000999999999999,"children":{"GenerateSensorData":{"count":140,"self":0,"total":0,"children":null}}}},"gauges":{"BounceBall.CumulativeReward":{"count":140,"max":9.465109,"min":0.0299993753,"runningAverage":2.58640242,"value":3.74502516,"weightedAverage":3.4741888}},"metadata":{"timer_format_version":"0.1.0","start_time_seconds":"1690933171","unity_version":"2023.2.0a11","command_line_arguments":"C:\\Program Files\\Unity\\Hub\\Editor\\2023.2.0a11\\Editor\\Unity.exe -projectpath D:\\GitHub\\PongAI\\PongAI -useHub -hubIPC -cloudEnvironment production -licensingIpc LicenseClient-kubaa -hubSessionId 235c61d0-3083-11ee-b6e4-39a078752e20 -accessToken 3UZKWVzsUBM_aFdAzvD9a-if5ghgb8DhF9q2V7Qq1o0005f","communication_protocol_version":"1.5.0","com.unity.ml-agents_version":"2.0.1","scene_name":"SampleScene","end_time_seconds":"1690933195"}}