{"count":1,"self":2976.8306688,"total":23666.0338677,"children":{"InitializeActuators":{"count":30,"self":0.001006,"total":0.001006,"children":null},"InitializeSensors":{"count":30,"self":0.0015045,"total":0.0015045,"children":null},"AgentSendState":{"count":8333470,"self":78.2003136,"total":325.3943784,"children":{"CollectObservations":{"count":50000820,"self":47.0612736,"total":47.061273299999996,"children":null},"WriteActionMask":{"count":50000820,"self":14.1656736,"total":14.1656731,"children":null},"RequestDecision":{"count":50000820,"self":58.9137984,"total":185.96712069999998,"children":{"AgentInfo.ToProto":{"count":50000820,"self":50.405072,"total":127.0533241,"children":{"GenerateSensorData":{"count":50000820,"self":76.6482496,"total":76.64825239999999,"children":null}}}}}}},"DecideAction":{"count":8333470,"self":20167.8225408,"total":20167.8228327,"children":null},"AgentAct":{"count":8333470,"self":194.45588479999998,"total":194.45588529999998,"children":null},"AgentInfo.ToProto":{"count":210368,"self":0.662635,"total":1.5270664999999999,"children":{"GenerateSensorData":{"count":210368,"self":0.86443149999999991,"total":0.86443149999999991,"children":null}}}},"gauges":{"BounceBall.CumulativeReward":{"count":210368,"max":1.51852024,"min":-1,"runningAverage":0.0714499,"value":1.0562,"weightedAverage":0.1432189}},"metadata":{"timer_format_version":"0.1.0","start_time_seconds":"1690947868","unity_version":"2023.2.0a11","command_line_arguments":"C:\\Program Files\\Unity\\Hub\\Editor\\2023.2.0a11\\Editor\\Unity.exe -projectpath D:\\GitHub\\PongAI\\PongAI -useHub -hubIPC -cloudEnvironment production -licensingIpc LicenseClient-kubaa -hubSessionId 970d6150-30e3-11ee-9a1a-6df17feab933 -accessToken vKerSXXzqeUWcu8Q4VtsPx5kRmoUt0jAmhfDkzDSn5s005f","communication_protocol_version":"1.5.0","com.unity.ml-agents_version":"2.0.1","scene_name":"SampleScene","end_time_seconds":"1690971534"}}