{"count":1,"self":2681.2332032,"total":17104.571053199998,"children":{"InitializeActuators":{"count":48,"self":0.0025050999999999997,"total":0.0025050999999999997,"children":null},"InitializeSensors":{"count":48,"self":0.0020666,"total":0.0020666,"children":null},"AgentSendState":{"count":6250186,"self":89.3991168,"total":334.9823189,"children":{"CollectObservations":{"count":60001824,"self":74.6081344,"total":74.6081351,"children":null},"WriteActionMask":{"count":60001824,"self":17.8107936,"total":17.810793699999998,"children":null},"RequestDecision":{"count":60001824,"self":56.6367104,"total":153.164274,"children":{"AgentInfo.ToProto":{"count":30000912,"self":40.350233599999996,"total":96.5275607,"children":{"GenerateSensorData":{"count":30000912,"self":56.1773248,"total":56.1773258,"children":null}}}}}}},"DecideAction":{"count":6250186,"self":13970.173132799999,"total":13970.1737913,"children":null},"AgentAct":{"count":6250186,"self":117.71898879999999,"total":117.71899289999999,"children":null},"AgentInfo.ToProto":{"count":30136,"self":0.1797366,"total":0.45713709999999996,"children":{"GenerateSensorData":{"count":30136,"self":0.2774005,"total":0.2774005,"children":null}}}},"gauges":{"BounceBall.CumulativeReward":{"count":60272,"max":3.783693,"min":-1,"runningAverage":0.5821551,"value":-0.239818573,"weightedAverage":0.7280739}},"metadata":{"timer_format_version":"0.1.0","start_time_seconds":"1691004361","unity_version":"2023.2.0a11","command_line_arguments":"C:\\Program Files\\Unity\\Hub\\Editor\\2023.2.0a11\\Editor\\Unity.exe -projectpath D:\\GitHub\\PongAI\\PongAI -useHub -hubIPC -cloudEnvironment production -licensingIpc LicenseClient-kubaa -hubSessionId 970d6150-30e3-11ee-9a1a-6df17feab933 -accessToken vKerSXXzqeUWcu8Q4VtsPx5kRmoUt0jAmhfDkzDSn5s005f","communication_protocol_version":"1.5.0","com.unity.ml-agents_version":"2.0.1","scene_name":"Training","end_time_seconds":"1691021466"}}