{"count":1,"self":642.34424319999994,"total":4159.8369422999995,"children":{"InitializeActuators":{"count":52,"self":0.0012622,"total":0.0012622,"children":null},"InitializeSensors":{"count":52,"self":0.0010008,"total":0.0010008,"children":null},"AgentSendState":{"count":1042134,"self":14.586231999999999,"total":64.1902602,"children":{"CollectObservations":{"count":10001880,"self":10.4037776,"total":10.4037779,"children":null},"WriteActionMask":{"count":10001880,"self":2.9788653999999997,"total":2.9788653999999997,"children":null},"RequestDecision":{"count":10001880,"self":11.5009824,"total":36.2213843,"children":{"AgentInfo.ToProto":{"count":10001880,"self":9.9286912,"total":24.7204016,"children":{"GenerateSensorData":{"count":10001880,"self":14.7917104,"total":14.7917103,"children":null}}}}}}},"DecideAction":{"count":1042134,"self":3424.3883008,"total":3424.3882224999998,"children":null},"AgentAct":{"count":1042134,"self":28.7640608,"total":28.7640602,"children":null},"AgentInfo.ToProto":{"count":24670,"self":0.0527104,"total":0.14791089999999998,"children":{"GenerateSensorData":{"count":24670,"self":0.0952005,"total":0.0952005,"children":null}}}},"gauges":{"BounceBall.CumulativeReward":{"count":24666,"max":2.55296087,"min":-0.9998,"runningAverage":-0.116739593,"value":1.81690264,"weightedAverage":0.9814733}},"metadata":{"timer_format_version":"0.1.0","start_time_seconds":"1690985717","unity_version":"2023.2.0a11","command_line_arguments":"C:\\Program Files\\Unity\\Hub\\Editor\\2023.2.0a11\\Editor\\Unity.exe -projectpath D:\\GitHub\\PongAI\\PongAI -useHub -hubIPC -cloudEnvironment production -licensingIpc LicenseClient-kubaa -hubSessionId 970d6150-30e3-11ee-9a1a-6df17feab933 -accessToken vKerSXXzqeUWcu8Q4VtsPx5kRmoUt0jAmhfDkzDSn5s005f","communication_protocol_version":"1.5.0","com.unity.ml-agents_version":"2.0.1","scene_name":"Training","end_time_seconds":"1690989877"}}